CREATE SCHEMA `SER322_FP`;
 
CREATE TABLE `SER322_FP`.`Team` (
  `TeamID` INT NOT NULL,
  `Size` INT NOT NULL,
  `CostCenter` INT NOT NULL,
  `TeamName` VARCHAR(45) NOT NULL,
  `TeamParent` VARCHAR(45) NOT NULL,
  PRIMARY KEY (`TeamID`));
  
CREATE TABLE `SER322_FP`.`Person` (
  `EmpID` INT NOT NULL,
  `FirstName` VARCHAR(45) NOT NULL,
  `LastName` VARCHAR(45) NOT NULL,
  `Level` INT NOT NULL,
  `TeamID` INT NOT NULL,
  PRIMARY KEY (`EmpID`),
  FOREIGN KEY (TeamID) REFERENCES `Team`(`TeamID`));
 
CREATE TABLE `SER322_FP`.`Location` (
  `DeskID` VARCHAR(45) NOT NULL,
  `Building` VARCHAR(45) NOT NULL,
  `Floor` INT NOT NULL,
  `Section` INT NOT NULL,
  `Aisle` VARCHAR(45) NOT NULL,
  `Desk` INT NOT NULL,
  `Type` ENUM('Desk', 'Office') NOT NULL,
  PRIMARY KEY (`DeskID`));
  
CREATE TABLE `SER322_FP`.`DeskAssignment` (
    `EmpID` INT NOT NULL,
    `DeskID` VARCHAR(45) NOT NULL,
    `StartDate` DATE,
    `EndDate` DATE,
    CONSTRAINT `PK_DeskAssignment` PRIMARY KEY (`EmpID`, `DeskID`),
    FOREIGN KEY (`EmpID`) REFERENCES `Person`(`EmpID`),
    FOREIGN KEY (`DeskID`) REFERENCES `Location`(`DeskID`));

-- Create app user and grant table permissions
CREATE USER 'deskassign_app'@'%' IDENTIFIED BY 'DeskAssign!4me';

GRANT SELECT, INSERT, UPDATE, DELETE ON `SER322_FP`.`Person` TO 'deskassign_app'@'%';
GRANT SELECT, INSERT, UPDATE, DELETE ON `SER322_FP`.`Team` TO 'deskassign_app'@'%';
GRANT SELECT, INSERT, UPDATE, DELETE ON `SER322_FP`.`DeskAssignment` TO 'deskassign_app'@'%';
GRANT SELECT, INSERT, UPDATE, DELETE ON `SER322_FP`.`Location` TO 'deskassign_app'@'%';

-- Insert Teams --
INSERT INTO Team VALUE(1, 22, 5210,  'Data Warehouse',  'Business Intelligence');
INSERT INTO Team VALUE(2, 25, 5210,  'Analytics',  'Business Intelligence');
INSERT INTO Team VALUE(3, 16, 5210,  'Predictive Modeling',  'Business Intelligence');
INSERT INTO Team VALUE(4, 18, 6850,  'Sign Up',  'Identity Management');
INSERT INTO Team VALUE(5, 9, 6850,  'Sign In',  'Identity Management');
INSERT INTO Team VALUE(6, 17, 6850,  'Accounts',  'Identity Management');
INSERT INTO Team VALUE(7, 24, 7782,  'Inventory Management',  'Supply Chain Technology');
INSERT INTO Team VALUE(8, 6, 7782,  'Shipping Technology',  'Supply Chain Technology');
INSERT INTO Team VALUE(9, 15, 7782,  'Production Planning',  'Supply Chain Technology');
INSERT INTO Team VALUE(10, 20, 7782,  'Scheduling',  'Supply Chain Technology');

-- Add Assignments for People --
INSERT INTO Person VALUE(1913343, 'Simon', 'Mathis', 4, 1);
INSERT INTO Person VALUE(1913344, 'Christopher', 'Stewart', 5, 1);
INSERT INTO Person VALUE(1913345, 'Keith', 'Ellison', 7, 1);
INSERT INTO Person VALUE(1913346, 'Hannah', 'McDonald', 6, 1);
INSERT INTO Person VALUE(1913347, 'Connor', 'Springer', 5, 1);
INSERT INTO Person VALUE(1913348, 'James', 'Avery', 5, 1);
INSERT INTO Person VALUE(1913349, 'Joseph', 'Alsop', 8, 1);
INSERT INTO Person VALUE(1913350, 'Kylie', 'Churchill', 4, 1);
INSERT INTO Person VALUE(1913351, 'Diana', 'Peake', 6, 1);
INSERT INTO Person VALUE(1913352, 'Joe', 'Quinn', 10, 1);
INSERT INTO Person VALUE(1913353, 'Gavin', 'Campbell', 4, 1);
INSERT INTO Person VALUE(1913354, 'Nicola', 'Johnston', 5, 1);
INSERT INTO Person VALUE(1913355, 'Paul', 'Paige', 4, 1);
INSERT INTO Person VALUE(1913356, 'Jonathan', 'Bell', 5, 1);
INSERT INTO Person VALUE(1913357, 'Andrea', 'Paige', 6, 1);
INSERT INTO Person VALUE(1913358, 'Justin', 'Reid', 6, 1);
INSERT INTO Person VALUE(1913359, 'Pippa', 'Paige', 8, 1);
INSERT INTO Person VALUE(1913360, 'Warren', 'Hart', 4, 1);
INSERT INTO Person VALUE(1913361, 'Thomas', 'Fisher', 7, 1);
INSERT INTO Person VALUE(1913362, 'Lily', 'Parsons', 6, 1);
INSERT INTO Person VALUE(1913363, 'Ava', 'Grant', 6, 1);
INSERT INTO Person VALUE(1913364, 'Megan', 'Robertson', 6, 1);
INSERT INTO Person VALUE(1913365, 'Oliver', 'Paterson', 4, 2);
INSERT INTO Person VALUE(1913366, 'Katherine', 'Tucker', 4, 2);
INSERT INTO Person VALUE(1913367, 'Liam', 'May', 5, 2);
INSERT INTO Person VALUE(1913368, 'Austin', 'Hill', 5, 2);
INSERT INTO Person VALUE(1913369, 'John', 'Paterson', 7, 2);
INSERT INTO Person VALUE(1913370, 'Nicola', 'Welch', 7, 2);
INSERT INTO Person VALUE(1913371, 'Adam', 'Peters', 6, 2);
INSERT INTO Person VALUE(1913372, 'Colin', 'Tucker', 4, 2);
INSERT INTO Person VALUE(1913373, 'Dylan', 'White', 5, 2);
INSERT INTO Person VALUE(1913374, 'Alan', 'Stewart', 7, 2);
INSERT INTO Person VALUE(1913375, 'Paul', 'Manning', 8, 2);
INSERT INTO Person VALUE(1913376, 'Jacob', 'Kelly', 4, 2);
INSERT INTO Person VALUE(1913377, 'Gabrielle', 'Mackay', 5, 2);
INSERT INTO Person VALUE(1913378, 'Tracey', 'Cameron', 7, 2);
INSERT INTO Person VALUE(1913379, 'Joshua', 'Paige', 6, 2);
INSERT INTO Person VALUE(1913380, 'Leonard', 'Rutherford', 6, 2);
INSERT INTO Person VALUE(1913381, 'Jason', 'Burgess', 6, 2);
INSERT INTO Person VALUE(1913382, 'Leonard', 'Wilkins', 6, 2);
INSERT INTO Person VALUE(1913383, 'Isaac', 'Hill', 4, 2);
INSERT INTO Person VALUE(1913384, 'Justin', 'Martin', 4, 2);
INSERT INTO Person VALUE(1913385, 'Joanne', 'Dyer', 5, 2);
INSERT INTO Person VALUE(1913386, 'Pippa', 'Skinner', 7, 2);
INSERT INTO Person VALUE(1913387, 'Stephen', 'Gray', 4, 2);
INSERT INTO Person VALUE(1913388, 'Rebecca', 'Wilkins', 5, 2);
INSERT INTO Person VALUE(1913389, 'Frank', 'Vaughan', 5, 2);
INSERT INTO Person VALUE(1913390, 'Christopher', 'Blake', 5, 3);
INSERT INTO Person VALUE(1913391, 'Justin', 'Taylor', 5, 3);
INSERT INTO Person VALUE(1913392, 'David', 'Miller', 8, 3);
INSERT INTO Person VALUE(1913393, 'Zoe', 'Grant', 7, 3);
INSERT INTO Person VALUE(1913394, 'Alison', 'Young', 6, 3);
INSERT INTO Person VALUE(1913395, 'Penelope', 'Mathis', 4, 3);
INSERT INTO Person VALUE(1913396, 'Rose', 'Miller', 4, 3);
INSERT INTO Person VALUE(1913397, 'Steven', 'Underwood', 5, 3);
INSERT INTO Person VALUE(1913398, 'Ruth', 'Arnold', 7, 3);
INSERT INTO Person VALUE(1913399, 'Joe', 'Mackenzie', 6, 3);
INSERT INTO Person VALUE(1913400, 'Deirdre', 'Skinner', 6, 3);
INSERT INTO Person VALUE(1913401, 'Lily', 'Oliver', 6, 3);
INSERT INTO Person VALUE(1913402, 'Christian', 'Gibson', 6, 3);
INSERT INTO Person VALUE(1913403, 'Ruth', 'Oliver', 4, 3);
INSERT INTO Person VALUE(1913404, 'Dylan', 'Vance', 5, 3);
INSERT INTO Person VALUE(1913405, 'Katherine', 'Robertson', 5, 3);
INSERT INTO Person VALUE(1913406, 'Peter', 'Davidson', 10, 4);
INSERT INTO Person VALUE(1913407, 'Carol', 'Quinn', 5, 4);
INSERT INTO Person VALUE(1913408, 'Jan', 'Lewis', 5, 4);
INSERT INTO Person VALUE(1913409, 'Charles', 'Coleman', 7, 4);
INSERT INTO Person VALUE(1913410, 'Virginia', 'Morgan', 6, 4);
INSERT INTO Person VALUE(1913411, 'Donna', 'Randall', 4, 4);
INSERT INTO Person VALUE(1913412, 'Yvonne', 'Thomson', 5, 4);
INSERT INTO Person VALUE(1913413, 'Joe', 'Wallace', 6, 4);
INSERT INTO Person VALUE(1913414, 'Jane', 'Watson', 6, 4);
INSERT INTO Person VALUE(1913415, 'Stewart', 'North', 8, 4);
INSERT INTO Person VALUE(1913416, 'Melanie', 'Black', 4, 4);
INSERT INTO Person VALUE(1913417, 'Edward', 'Clarkson', 5, 4);
INSERT INTO Person VALUE(1913418, 'Megan', 'Poole', 5, 4);
INSERT INTO Person VALUE(1913419, 'Grace', 'Edmunds', 4, 4);
INSERT INTO Person VALUE(1913420, 'Carl', 'Mills', 6, 4);
INSERT INTO Person VALUE(1913421, 'Jack', 'Abraham', 5, 4);
INSERT INTO Person VALUE(1913422, 'Liam', 'Dyer', 4, 4);
INSERT INTO Person VALUE(1913423, 'Piers', 'Howard', 7, 4);
INSERT INTO Person VALUE(1913424, 'Anne', 'Bell', 8, 5);
INSERT INTO Person VALUE(1913425, 'Kevin', 'Vance', 5, 5);
INSERT INTO Person VALUE(1913426, 'Tracey', 'McGrath', 7, 5);
INSERT INTO Person VALUE(1913427, 'Stephen', 'Hodges', 6, 5);
INSERT INTO Person VALUE(1913428, 'Chloe', 'Poole', 4, 5);
INSERT INTO Person VALUE(1913429, 'Simon', 'Graham', 5, 5);
INSERT INTO Person VALUE(1913430, 'Alexander', 'Turner', 6, 5);
INSERT INTO Person VALUE(1913431, 'Anthony', 'North', 6, 5);
INSERT INTO Person VALUE(1913432, 'Natalie', 'Grant', 4, 5);
INSERT INTO Person VALUE(1913433, 'Felicity', 'Clarkson', 5, 6);
INSERT INTO Person VALUE(1913434, 'Warren', 'Tucker', 7, 6);
INSERT INTO Person VALUE(1913435, 'Julian', 'Piper', 6, 6);
INSERT INTO Person VALUE(1913436, 'Alexander', 'Butler', 4, 6);
INSERT INTO Person VALUE(1913437, 'Robert', 'Harris', 7, 6);
INSERT INTO Person VALUE(1913438, 'Vanessa', 'Knox', 7, 6);
INSERT INTO Person VALUE(1913439, 'Sebastian', 'Gill', 8, 6);
INSERT INTO Person VALUE(1913440, 'Rebecca', 'Mackay', 4, 6);
INSERT INTO Person VALUE(1913441, 'Alan', 'Miller', 5, 6);
INSERT INTO Person VALUE(1913442, 'Gabrielle', 'Piper', 7, 6);
INSERT INTO Person VALUE(1913443, 'Luke', 'Peake', 6, 6);
INSERT INTO Person VALUE(1913444, 'Nicholas', 'Grant', 6, 6);
INSERT INTO Person VALUE(1913445, 'Alan', 'Harris', 6, 6);
INSERT INTO Person VALUE(1913446, 'Irene', 'Grant', 6, 6);
INSERT INTO Person VALUE(1913447, 'Joseph', 'Ogden', 7, 6);
INSERT INTO Person VALUE(1913448, 'Jack', 'Scott', 5, 6);
INSERT INTO Person VALUE(1913449, 'Owen', 'Hardacre', 5, 6);
INSERT INTO Person VALUE(1913450, 'Dorothy', 'Robertson', 10, 7);
INSERT INTO Person VALUE(1913451, 'Jasmine', 'Ball', 8, 7);
INSERT INTO Person VALUE(1913452, 'Sally', 'Taylor', 4, 7);
INSERT INTO Person VALUE(1913453, 'Rebecca', 'Pullman', 6, 7);
INSERT INTO Person VALUE(1913454, 'Blake', 'James', 7, 7);
INSERT INTO Person VALUE(1913455, 'Ava', 'Edmunds', 5, 7);
INSERT INTO Person VALUE(1913456, 'Anne', 'Ellison', 4, 7);
INSERT INTO Person VALUE(1913457, 'Melanie', 'Langdon', 6, 7);
INSERT INTO Person VALUE(1913458, 'Anthony', 'Cameron', 7, 7);
INSERT INTO Person VALUE(1913459, 'Piers', 'Hemmings', 5, 7);
INSERT INTO Person VALUE(1913460, 'Adrian', 'Campbell', 4, 7);
INSERT INTO Person VALUE(1913461, 'Ava', 'Paige', 6, 7);
INSERT INTO Person VALUE(1913462, 'Kevin', 'Roberts', 5, 7);
INSERT INTO Person VALUE(1913463, 'Blake', 'Ball', 6, 7);
INSERT INTO Person VALUE(1913464, 'Audrey', 'Davidson', 7, 7);
INSERT INTO Person VALUE(1913465, 'Nicholas', 'May', 7, 7);
INSERT INTO Person VALUE(1913466, 'Theresa', 'McGrath', 5, 7);
INSERT INTO Person VALUE(1913467, 'Joan', 'Lambert', 4, 7);
INSERT INTO Person VALUE(1913468, 'Lily', 'Lewis', 4, 7);
INSERT INTO Person VALUE(1913469, 'Lisa', 'Knox', 4, 7);
INSERT INTO Person VALUE(1913470, 'Sonia', 'Sutherland', 4, 7);
INSERT INTO Person VALUE(1913471, 'Justin', 'Ellison', 4, 7);
INSERT INTO Person VALUE(1913472, 'Anthony', 'Watson', 4, 7);
INSERT INTO Person VALUE(1913473, 'Sebastian', 'Bond', 4, 7);
INSERT INTO Person VALUE(1913474, 'Adam', 'Clark', 5, 8);
INSERT INTO Person VALUE(1913475, 'Simon', 'Burgess', 5, 8);
INSERT INTO Person VALUE(1913476, 'Simon', 'Wilkins', 8, 8);
INSERT INTO Person VALUE(1913477, 'Liam', 'Carr', 6, 8);
INSERT INTO Person VALUE(1913478, 'Sebastian', 'Ellison', 7, 8);
INSERT INTO Person VALUE(1913479, 'Stewart', 'Lewis', 7, 8);
INSERT INTO Person VALUE(1913480, 'Ian', 'Dyer', 5, 9);
INSERT INTO Person VALUE(1913481, 'Phil', 'Arnold', 7, 9);
INSERT INTO Person VALUE(1913482, 'Jacob', 'Quinn', 6, 9);
INSERT INTO Person VALUE(1913483, 'Emily', 'Hodges', 4, 9);
INSERT INTO Person VALUE(1913484, 'Rose', 'Sanderson', 8, 9);
INSERT INTO Person VALUE(1913485, 'Theresa', 'Welch', 4, 9);
INSERT INTO Person VALUE(1913486, 'Amelia', 'Sutherland', 4, 9);
INSERT INTO Person VALUE(1913487, 'Felicity', 'McDonald', 5, 9);
INSERT INTO Person VALUE(1913488, 'Sebastian', 'Metcalfe', 6, 9);
INSERT INTO Person VALUE(1913489, 'Deirdre', 'Fraser', 6, 9);
INSERT INTO Person VALUE(1913490, 'Hannah', 'Ince', 7, 9);
INSERT INTO Person VALUE(1913491, 'Melanie', 'Blake', 5, 9);
INSERT INTO Person VALUE(1913492, 'Emily', 'Sanderson', 4, 9);
INSERT INTO Person VALUE(1913493, 'Ava', 'Stewart', 6, 9);
INSERT INTO Person VALUE(1913494, 'Rose', 'Skinner', 7, 9);
INSERT INTO Person VALUE(1913495, 'Dylan', 'Short', 7, 10);
INSERT INTO Person VALUE(1913496, 'Amy', 'Wright', 4, 10);
INSERT INTO Person VALUE(1913497, 'Megan', 'Clark', 5, 10);
INSERT INTO Person VALUE(1913498, 'Rebecca', 'Abraham', 6, 10);
INSERT INTO Person VALUE(1913499, 'Sarah', 'Lee', 8, 10);
INSERT INTO Person VALUE(1913500, 'Alexandra', 'White', 4, 10);
INSERT INTO Person VALUE(1913501, 'Heather', 'Abraham', 6, 10);
INSERT INTO Person VALUE(1913502, 'Stephen', 'Parsons', 6, 10);
INSERT INTO Person VALUE(1913503, 'Wanda', 'Piper', 7, 10);
INSERT INTO Person VALUE(1913504, 'Thomas', 'Gray', 4, 10);
INSERT INTO Person VALUE(1913505, 'Luke', 'Arnold', 4, 10);
INSERT INTO Person VALUE(1913506, 'Neil', 'Parr', 4, 10);
INSERT INTO Person VALUE(1913507, 'Christian', 'Metcalfe', 4, 10);
INSERT INTO Person VALUE(1913508, 'Lauren', 'Terry', 4, 10);
INSERT INTO Person VALUE(1913509, 'Megan', 'Dickens', 4, 10);
INSERT INTO Person VALUE(1913510, 'Brandon', 'Wilson', 4, 10);
INSERT INTO Person VALUE(1913511, 'Sarah', 'Dyer', 5, 10);
INSERT INTO Person VALUE(1913512, 'Christian', 'Robertson', 5, 10);
INSERT INTO Person VALUE(1913513, 'Grace', 'Nash', 5, 10);
INSERT INTO Person VALUE(1913514, 'William', 'Hamilton', 6, 10);

-- Insert Locations --
INSERT INTO Location VALUE('IAD01.10.400.A1', 'IAD01', 10, 400, 'A', 1, 'Desk');
INSERT INTO Location VALUE('IAD01.10.400.A2', 'IAD01', 10, 400, 'A', 2, 'Desk');
INSERT INTO Location VALUE('IAD01.10.400.A3', 'IAD01', 10, 400, 'A', 3, 'Desk');
INSERT INTO Location VALUE('IAD01.10.400.A4', 'IAD01', 10, 400, 'A', 4, 'Desk');
INSERT INTO Location VALUE('IAD01.10.400.A5', 'IAD01', 10, 400, 'A', 5, 'Desk');
INSERT INTO Location VALUE('IAD01.10.400.A6', 'IAD01', 10, 400, 'A', 6, 'Desk');
INSERT INTO Location VALUE('IAD01.10.400.A7', 'IAD01', 10, 400, 'A', 7, 'Desk');
INSERT INTO Location VALUE('IAD01.10.400.A8', 'IAD01', 10, 400, 'A', 8, 'Desk');
INSERT INTO Location VALUE('IAD01.10.400.A9', 'IAD01', 10, 400, 'A', 9, 'Desk');
INSERT INTO Location VALUE('IAD01.10.400.A10', 'IAD01', 10, 400, 'A', 10, 'Desk');
INSERT INTO Location VALUE('IAD01.10.400.A11', 'IAD01', 10, 400, 'A', 11, 'Desk');
INSERT INTO Location VALUE('IAD01.10.400.B1', 'IAD01', 10, 400, 'B', 1, 'Desk');
INSERT INTO Location VALUE('IAD01.10.400.B2', 'IAD01', 10, 400, 'B', 2, 'Desk');
INSERT INTO Location VALUE('IAD01.10.400.B3', 'IAD01', 10, 400, 'B', 3, 'Desk');
INSERT INTO Location VALUE('IAD01.10.400.B4', 'IAD01', 10, 400, 'B', 4, 'Desk');
INSERT INTO Location VALUE('IAD01.10.400.B5', 'IAD01', 10, 400, 'B', 5, 'Desk');
INSERT INTO Location VALUE('IAD01.10.400.B6', 'IAD01', 10, 400, 'B', 6, 'Desk');
INSERT INTO Location VALUE('IAD01.10.400.B7', 'IAD01', 10, 400, 'B', 7, 'Desk');
INSERT INTO Location VALUE('IAD01.10.400.B8', 'IAD01', 10, 400, 'B', 8, 'Desk');
INSERT INTO Location VALUE('IAD01.10.400.B9', 'IAD01', 10, 400, 'B', 9, 'Desk');
INSERT INTO Location VALUE('IAD01.10.400.B10', 'IAD01', 10, 400, 'B', 10, 'Desk');
INSERT INTO Location VALUE('IAD01.10.400.B0', 'IAD01', 10, 400, 'B', 0, 'Office');
INSERT INTO Location VALUE('IAD02.15.101.A1', 'IAD02', 15, 101, 'A', 1, 'Desk');
INSERT INTO Location VALUE('IAD02.15.101.A2', 'IAD02', 15, 101, 'A', 2, 'Desk');
INSERT INTO Location VALUE('IAD02.15.101.A3', 'IAD02', 15, 101, 'A', 3, 'Desk');
INSERT INTO Location VALUE('IAD02.15.101.A4', 'IAD02', 15, 101, 'A', 4, 'Desk');
INSERT INTO Location VALUE('IAD02.15.101.A5', 'IAD02', 15, 101, 'A', 5, 'Desk');
INSERT INTO Location VALUE('IAD02.15.101.A6', 'IAD02', 15, 101, 'A', 6, 'Desk');
INSERT INTO Location VALUE('IAD02.15.101.A7', 'IAD02', 15, 101, 'A', 7, 'Desk');
INSERT INTO Location VALUE('IAD02.15.101.A8', 'IAD02', 15, 101, 'A', 8, 'Desk');
INSERT INTO Location VALUE('IAD02.15.101.B1', 'IAD02', 15, 101, 'B', 1, 'Desk');
INSERT INTO Location VALUE('IAD02.15.101.B2', 'IAD02', 15, 101, 'B', 2, 'Desk');
INSERT INTO Location VALUE('IAD02.15.101.B3', 'IAD02', 15, 101, 'B', 3, 'Desk');
INSERT INTO Location VALUE('IAD02.15.101.B4', 'IAD02', 15, 101, 'B', 4, 'Desk');
INSERT INTO Location VALUE('IAD02.15.101.B5', 'IAD02', 15, 101, 'B', 5, 'Desk');
INSERT INTO Location VALUE('IAD02.15.101.B6', 'IAD02', 15, 101, 'B', 6, 'Desk');
INSERT INTO Location VALUE('IAD02.15.101.B7', 'IAD02', 15, 101, 'B', 7, 'Desk');
INSERT INTO Location VALUE('IAD02.15.101.B8', 'IAD02', 15, 101, 'B', 8, 'Desk');
INSERT INTO Location VALUE('IAD02.15.101.C1', 'IAD02', 15, 101, 'C', 1, 'Desk');
INSERT INTO Location VALUE('IAD02.15.101.C2', 'IAD02', 15, 101, 'C', 2, 'Desk');
INSERT INTO Location VALUE('IAD02.15.101.C3', 'IAD02', 15, 101, 'C', 3, 'Desk');
INSERT INTO Location VALUE('IAD02.15.101.C4', 'IAD02', 15, 101, 'C', 4, 'Desk');
INSERT INTO Location VALUE('IAD02.15.101.C5', 'IAD02', 15, 101, 'C', 5, 'Desk');
INSERT INTO Location VALUE('IAD02.15.101.C6', 'IAD02', 15, 101, 'C', 6, 'Desk');
INSERT INTO Location VALUE('IAD02.15.101.C7', 'IAD02', 15, 101, 'C', 7, 'Desk');
INSERT INTO Location VALUE('IAD02.15.101.C8', 'IAD02', 15, 101, 'C', 8, 'Desk');
INSERT INTO Location VALUE('IAD02.15.101.C0', 'IAD02', 15, 101, 'C', 0, 'Office');
INSERT INTO Location VALUE('IAD02.15.201.A1', 'IAD02', 15, 201, 'A', 1, 'Desk');
INSERT INTO Location VALUE('IAD02.15.201.A2', 'IAD02', 15, 201, 'A', 2, 'Desk');
INSERT INTO Location VALUE('IAD02.15.201.A3', 'IAD02', 15, 201, 'A', 3, 'Desk');
INSERT INTO Location VALUE('IAD02.15.201.A4', 'IAD02', 15, 201, 'A', 4, 'Desk');
INSERT INTO Location VALUE('IAD02.15.201.A5', 'IAD02', 15, 201, 'A', 5, 'Desk');
INSERT INTO Location VALUE('IAD02.15.201.A6', 'IAD02', 15, 201, 'A', 6, 'Desk');
INSERT INTO Location VALUE('IAD02.15.201.A7', 'IAD02', 15, 201, 'A', 7, 'Desk');
INSERT INTO Location VALUE('IAD02.15.201.A8', 'IAD02', 15, 201, 'A', 8, 'Desk');
INSERT INTO Location VALUE('IAD02.15.201.B1', 'IAD02', 15, 201, 'B', 1, 'Desk');
INSERT INTO Location VALUE('IAD02.15.201.B2', 'IAD02', 15, 201, 'B', 2, 'Desk');
INSERT INTO Location VALUE('IAD02.15.201.B3', 'IAD02', 15, 201, 'B', 3, 'Desk');
INSERT INTO Location VALUE('IAD02.15.201.B4', 'IAD02', 15, 201, 'B', 4, 'Desk');
INSERT INTO Location VALUE('IAD02.15.201.B5', 'IAD02', 15, 201, 'B', 5, 'Desk');
INSERT INTO Location VALUE('IAD02.15.201.B6', 'IAD02', 15, 201, 'B', 6, 'Desk');
INSERT INTO Location VALUE('IAD02.15.201.B7', 'IAD02', 15, 201, 'B', 7, 'Desk');
INSERT INTO Location VALUE('IAD02.15.201.B8', 'IAD02', 15, 201, 'B', 8, 'Desk');
INSERT INTO Location VALUE('SEA01.24.505.A1', 'SEA01', 24, 505, 'A', 1, 'Desk');
INSERT INTO Location VALUE('SEA01.24.505.A2', 'SEA01', 24, 505, 'A', 2, 'Desk');
INSERT INTO Location VALUE('SEA01.24.505.A3', 'SEA01', 24, 505, 'A', 3, 'Desk');
INSERT INTO Location VALUE('SEA01.24.505.A4', 'SEA01', 24, 505, 'A', 4, 'Desk');
INSERT INTO Location VALUE('SEA01.24.505.A5', 'SEA01', 24, 505, 'A', 5, 'Desk');
INSERT INTO Location VALUE('SEA01.24.505.A6', 'SEA01', 24, 505, 'A', 6, 'Desk');
INSERT INTO Location VALUE('SEA01.24.505.A7', 'SEA01', 24, 505, 'A', 7, 'Desk');
INSERT INTO Location VALUE('SEA01.24.505.A8', 'SEA01', 24, 505, 'A', 8, 'Desk');
INSERT INTO Location VALUE('SEA01.24.505.A9', 'SEA01', 24, 505, 'A', 9, 'Desk');
INSERT INTO Location VALUE('SEA01.24.505.B1', 'SEA01', 24, 505, 'B', 1, 'Desk');
INSERT INTO Location VALUE('SEA01.24.505.B2', 'SEA01', 24, 505, 'B', 2, 'Desk');
INSERT INTO Location VALUE('SEA01.24.505.B3', 'SEA01', 24, 505, 'B', 3, 'Desk');
INSERT INTO Location VALUE('SEA01.24.505.B4', 'SEA01', 24, 505, 'B', 4, 'Desk');
INSERT INTO Location VALUE('SEA01.24.505.B5', 'SEA01', 24, 505, 'B', 5, 'Desk');
INSERT INTO Location VALUE('SEA01.24.505.B6', 'SEA01', 24, 505, 'B', 6, 'Desk');
INSERT INTO Location VALUE('SEA01.24.505.B7', 'SEA01', 24, 505, 'B', 7, 'Desk');
INSERT INTO Location VALUE('SEA01.24.505.B8', 'SEA01', 24, 505, 'B', 8, 'Desk');
INSERT INTO Location VALUE('SEA01.24.505.B9', 'SEA01', 24, 505, 'B', 9, 'Desk');
INSERT INTO Location VALUE('SEA01.24.505.C1', 'SEA01', 24, 505, 'C', 1, 'Desk');
INSERT INTO Location VALUE('SEA01.24.505.C2', 'SEA01', 24, 505, 'C', 2, 'Desk');
INSERT INTO Location VALUE('SEA01.24.505.C3', 'SEA01', 24, 505, 'C', 3, 'Desk');
INSERT INTO Location VALUE('SEA01.24.505.C4', 'SEA01', 24, 505, 'C', 4, 'Desk');
INSERT INTO Location VALUE('SEA01.24.505.C5', 'SEA01', 24, 505, 'C', 5, 'Desk');
INSERT INTO Location VALUE('SEA01.24.505.C6', 'SEA01', 24, 505, 'C', 6, 'Desk');
INSERT INTO Location VALUE('SEA01.24.505.C7', 'SEA01', 24, 505, 'C', 7, 'Desk');
INSERT INTO Location VALUE('SEA01.24.505.C8', 'SEA01', 24, 505, 'C', 8, 'Desk');
INSERT INTO Location VALUE('SEA01.24.505.C9', 'SEA01', 24, 505, 'C', 9, 'Desk');
INSERT INTO Location VALUE('SEA01.25.605.A1', 'SEA01', 25, 605, 'A', 1, 'Desk');
INSERT INTO Location VALUE('SEA01.25.605.A2', 'SEA01', 25, 605, 'A', 2, 'Desk');
INSERT INTO Location VALUE('SEA01.25.605.A3', 'SEA01', 25, 605, 'A', 3, 'Desk');
INSERT INTO Location VALUE('SEA01.25.605.A4', 'SEA01', 25, 605, 'A', 4, 'Desk');
INSERT INTO Location VALUE('SEA01.25.605.A5', 'SEA01', 25, 605, 'A', 5, 'Desk');
INSERT INTO Location VALUE('SEA01.25.605.A6', 'SEA01', 25, 605, 'A', 6, 'Desk');
INSERT INTO Location VALUE('SEA01.25.605.A7', 'SEA01', 25, 605, 'A', 7, 'Desk');
INSERT INTO Location VALUE('SEA01.25.605.A8', 'SEA01', 25, 605, 'A', 8, 'Desk');
INSERT INTO Location VALUE('SEA01.25.605.A9', 'SEA01', 25, 605, 'A', 9, 'Desk');
INSERT INTO Location VALUE('SEA01.25.605.B1', 'SEA01', 25, 605, 'B', 1, 'Desk');
INSERT INTO Location VALUE('SEA01.25.605.B2', 'SEA01', 25, 605, 'B', 2, 'Desk');
INSERT INTO Location VALUE('SEA01.25.605.B3', 'SEA01', 25, 605, 'B', 3, 'Desk');
INSERT INTO Location VALUE('SEA01.25.605.B4', 'SEA01', 25, 605, 'B', 4, 'Desk');
INSERT INTO Location VALUE('SEA01.25.605.B5', 'SEA01', 25, 605, 'B', 5, 'Desk');
INSERT INTO Location VALUE('SEA01.25.605.B6', 'SEA01', 25, 605, 'B', 6, 'Desk');
INSERT INTO Location VALUE('SEA01.25.605.B7', 'SEA01', 25, 605, 'B', 7, 'Desk');
INSERT INTO Location VALUE('SEA01.25.605.B8', 'SEA01', 25, 605, 'B', 8, 'Desk');
INSERT INTO Location VALUE('SEA02.36.850.A1', 'SEA02', 36, 850, 'A', 1, 'Desk');
INSERT INTO Location VALUE('SEA02.36.850.A2', 'SEA02', 36, 850, 'A', 2, 'Desk');
INSERT INTO Location VALUE('SEA02.36.850.A3', 'SEA02', 36, 850, 'A', 3, 'Desk');
INSERT INTO Location VALUE('SEA02.36.850.A4', 'SEA02', 36, 850, 'A', 4, 'Desk');
INSERT INTO Location VALUE('SEA02.36.850.A5', 'SEA02', 36, 850, 'A', 5, 'Desk');
INSERT INTO Location VALUE('SEA02.36.850.A6', 'SEA02', 36, 850, 'A', 6, 'Desk');
INSERT INTO Location VALUE('SEA02.36.850.A7', 'SEA02', 36, 850, 'A', 7, 'Desk');
INSERT INTO Location VALUE('SEA02.36.850.A8', 'SEA02', 36, 850, 'A', 8, 'Desk');
INSERT INTO Location VALUE('SEA02.36.850.B1', 'SEA02', 36, 850, 'B', 1, 'Desk');
INSERT INTO Location VALUE('SEA02.36.850.B2', 'SEA02', 36, 850, 'B', 2, 'Desk');
INSERT INTO Location VALUE('SEA02.36.850.B3', 'SEA02', 36, 850, 'B', 3, 'Desk');
INSERT INTO Location VALUE('SEA02.36.850.B4', 'SEA02', 36, 850, 'B', 4, 'Desk');
INSERT INTO Location VALUE('SEA02.36.850.B5', 'SEA02', 36, 850, 'B', 5, 'Desk');
INSERT INTO Location VALUE('SEA02.36.850.B6', 'SEA02', 36, 850, 'B', 6, 'Desk');
INSERT INTO Location VALUE('SEA02.36.850.B7', 'SEA02', 36, 850, 'B', 7, 'Desk');
INSERT INTO Location VALUE('SEA02.36.850.B8', 'SEA02', 36, 850, 'B', 8, 'Desk');
INSERT INTO Location VALUE('SEA02.36.850.C1', 'SEA02', 36, 850, 'C', 1, 'Desk');
INSERT INTO Location VALUE('SEA02.36.850.C2', 'SEA02', 36, 850, 'C', 2, 'Desk');
INSERT INTO Location VALUE('SEA02.36.850.C3', 'SEA02', 36, 850, 'C', 3, 'Desk');
INSERT INTO Location VALUE('SEA02.36.850.C4', 'SEA02', 36, 850, 'C', 4, 'Desk');
INSERT INTO Location VALUE('SEA02.36.850.C5', 'SEA02', 36, 850, 'C', 5, 'Desk');
INSERT INTO Location VALUE('SEA02.36.850.C6', 'SEA02', 36, 850, 'C', 6, 'Desk');
INSERT INTO Location VALUE('SEA02.36.850.C7', 'SEA02', 36, 850, 'C', 7, 'Desk');
INSERT INTO Location VALUE('SEA02.36.850.C8', 'SEA02', 36, 850, 'C', 8, 'Desk');
INSERT INTO Location VALUE('SEA02.36.850.D1', 'SEA02', 36, 850, 'D', 1, 'Desk');
INSERT INTO Location VALUE('SEA02.36.850.D2', 'SEA02', 36, 850, 'D', 2, 'Desk');
INSERT INTO Location VALUE('SEA02.36.850.D3', 'SEA02', 36, 850, 'D', 3, 'Desk');
INSERT INTO Location VALUE('SEA02.36.850.D4', 'SEA02', 36, 850, 'D', 4, 'Desk');
INSERT INTO Location VALUE('SEA02.36.850.D5', 'SEA02', 36, 850, 'D', 5, 'Desk');
INSERT INTO Location VALUE('SEA02.36.850.D6', 'SEA02', 36, 850, 'D', 6, 'Desk');
INSERT INTO Location VALUE('SEA02.36.850.D7', 'SEA02', 36, 850, 'D', 7, 'Desk');
INSERT INTO Location VALUE('SEA02.36.850.D8', 'SEA02', 36, 850, 'D', 8, 'Desk');
INSERT INTO Location VALUE('SEA02.36.850.E1', 'SEA02', 36, 850, 'E', 1, 'Desk');
INSERT INTO Location VALUE('SEA02.36.850.E2', 'SEA02', 36, 850, 'E', 2, 'Desk');
INSERT INTO Location VALUE('SEA02.36.850.E3', 'SEA02', 36, 850, 'E', 3, 'Desk');
INSERT INTO Location VALUE('SEA02.36.850.E4', 'SEA02', 36, 850, 'E', 4, 'Desk');
INSERT INTO Location VALUE('SEA02.36.850.E5', 'SEA02', 36, 850, 'E', 5, 'Desk');
INSERT INTO Location VALUE('SEA02.36.850.E6', 'SEA02', 36, 850, 'E', 6, 'Desk');
INSERT INTO Location VALUE('SEA02.36.850.E7', 'SEA02', 36, 850, 'E', 7, 'Desk');
INSERT INTO Location VALUE('SEA02.36.850.E8', 'SEA02', 36, 850, 'E', 8, 'Desk');
INSERT INTO Location VALUE('SEA02.36.850.F1', 'SEA02', 36, 850, 'F', 1, 'Desk');
INSERT INTO Location VALUE('SEA02.36.850.F2', 'SEA02', 36, 850, 'F', 2, 'Desk');
INSERT INTO Location VALUE('SEA02.36.850.F3', 'SEA02', 36, 850, 'F', 3, 'Desk');
INSERT INTO Location VALUE('SEA02.36.850.F4', 'SEA02', 36, 850, 'F', 4, 'Desk');
INSERT INTO Location VALUE('SEA02.36.850.F5', 'SEA02', 36, 850, 'F', 5, 'Desk');
INSERT INTO Location VALUE('SEA02.37.850.F6', 'SEA02', 37, 850, 'F', 6, 'Desk');
INSERT INTO Location VALUE('SEA02.37.850.F7', 'SEA02', 37, 850, 'F', 7, 'Desk');
INSERT INTO Location VALUE('SEA02.37.850.F8', 'SEA02', 37, 850, 'F', 8, 'Desk');
INSERT INTO Location VALUE('SEA02.37.850.G1', 'SEA02', 37, 850, 'G', 1, 'Desk');
INSERT INTO Location VALUE('SEA02.37.850.G2', 'SEA02', 37, 850, 'G', 2, 'Desk');
INSERT INTO Location VALUE('SEA02.37.850.G3', 'SEA02', 37, 850, 'G', 3, 'Desk');
INSERT INTO Location VALUE('SEA02.37.850.G4', 'SEA02', 37, 850, 'G', 4, 'Desk');
INSERT INTO Location VALUE('SEA02.37.850.G5', 'SEA02', 37, 850, 'G', 5, 'Desk');
INSERT INTO Location VALUE('SEA02.37.850.G6', 'SEA02', 37, 850, 'G', 6, 'Desk');
INSERT INTO Location VALUE('SEA02.37.850.G7', 'SEA02', 37, 850, 'G', 7, 'Desk');
INSERT INTO Location VALUE('SEA02.37.850.G8', 'SEA02', 37, 850, 'G', 8, 'Desk');
INSERT INTO Location VALUE('SEA02.37.850.H1', 'SEA02', 37, 850, 'H', 1, 'Desk');
INSERT INTO Location VALUE('SEA02.37.850.H2', 'SEA02', 37, 850, 'H', 2, 'Desk');
INSERT INTO Location VALUE('SEA02.37.850.H3', 'SEA02', 37, 850, 'H', 3, 'Desk');
INSERT INTO Location VALUE('SEA02.37.850.H4', 'SEA02', 37, 850, 'H', 4, 'Desk');
INSERT INTO Location VALUE('SEA02.37.850.H5', 'SEA02', 37, 850, 'H', 5, 'Desk');
INSERT INTO Location VALUE('SEA02.37.850.H6', 'SEA02', 37, 850, 'H', 6, 'Desk');
INSERT INTO Location VALUE('SEA02.37.850.H7', 'SEA02', 37, 850, 'H', 7, 'Desk');
INSERT INTO Location VALUE('SEA02.37.850.H8', 'SEA02', 37, 850, 'H', 8, 'Desk');
INSERT INTO Location VALUE('SEA02.37.850.H0', 'SEA02', 37, 850, 'H', 0, 'Office');
INSERT INTO Location VALUE('SEA02.37.850.I1', 'SEA02', 37, 850, 'I', 1, 'Desk');
INSERT INTO Location VALUE('SEA02.37.850.I2', 'SEA02', 37, 850, 'I', 2, 'Desk');
INSERT INTO Location VALUE('SEA02.37.850.I3', 'SEA02', 37, 850, 'I', 3, 'Desk');
INSERT INTO Location VALUE('SEA02.37.850.I4', 'SEA02', 37, 850, 'I', 4, 'Desk');
INSERT INTO Location VALUE('SEA02.37.850.I5', 'SEA02', 37, 850, 'I', 5, 'Desk');
INSERT INTO Location VALUE('SEA02.37.850.I6', 'SEA02', 37, 850, 'I', 6, 'Desk');
INSERT INTO Location VALUE('SEA02.37.850.I7', 'SEA02', 37, 850, 'I', 7, 'Desk');
INSERT INTO Location VALUE('SEA02.37.850.I8', 'SEA02', 37, 850, 'I', 8, 'Desk');
INSERT INTO Location VALUE('SEA02.37.850.J1', 'SEA02', 37, 850, 'J', 1, 'Desk');
INSERT INTO Location VALUE('SEA02.37.850.J2', 'SEA02', 37, 850, 'J', 2, 'Desk');
INSERT INTO Location VALUE('SEA02.37.850.J3', 'SEA02', 37, 850, 'J', 3, 'Desk');
INSERT INTO Location VALUE('SEA02.37.850.J4', 'SEA02', 37, 850, 'J', 4, 'Desk');
INSERT INTO Location VALUE('SEA02.37.850.J5', 'SEA02', 37, 850, 'J', 5, 'Desk');
INSERT INTO Location VALUE('SEA02.37.850.J6', 'SEA02', 37, 850, 'J', 6, 'Desk');
INSERT INTO Location VALUE('SEA02.37.850.J7', 'SEA02', 37, 850, 'J', 7, 'Desk');

-- Insert DeskAssignments --
INSERT INTO DeskAssignment VALUES(1913343, 'IAD01.10.400.A1', '11-03-01', '17-08-29');
INSERT INTO DeskAssignment VALUES(1913344, 'IAD01.10.400.A2', '11-05-02', '17-07-14');
INSERT INTO DeskAssignment VALUES(1913345, 'IAD01.10.400.A3', '11-06-09', 'NULL');
INSERT INTO DeskAssignment VALUES(1913346, 'IAD01.10.400.A4', '11-08-04', 'NULL');
INSERT INTO DeskAssignment VALUES(1913347, 'IAD01.10.400.A5', '11-11-08', 'NULL');
INSERT INTO DeskAssignment VALUES(1913348, 'IAD01.10.400.A6', '12-08-31', 'NULL');
INSERT INTO DeskAssignment VALUES(1913349, 'IAD01.10.400.A7', '12-09-19', 'NULL');
INSERT INTO DeskAssignment VALUES(1913350, 'IAD01.10.400.A8', '12-12-31', 'NULL');
INSERT INTO DeskAssignment VALUES(1913351, 'IAD01.10.400.A9', '13-01-21', '17-07-14');
INSERT INTO DeskAssignment VALUES(1913352, 'IAD01.10.400.A10', '13-06-24', 'NULL');
INSERT INTO DeskAssignment VALUES(1913353, 'IAD01.10.400.A11', '14-01-09', 'NULL');
INSERT INTO DeskAssignment VALUES(1913354, 'IAD01.10.400.B1', '14-01-31', 'NULL');
INSERT INTO DeskAssignment VALUES(1913355, 'IAD01.10.400.B2', '14-06-12', '17-08-29');
INSERT INTO DeskAssignment VALUES(1913356, 'IAD01.10.400.B3', '14-09-17', 'NULL');
INSERT INTO DeskAssignment VALUES(1913357, 'IAD01.10.400.B4', '14-11-12', 'NULL');
INSERT INTO DeskAssignment VALUES(1913358, 'IAD01.10.400.B5', '15-02-19', 'NULL');
INSERT INTO DeskAssignment VALUES(1913359, 'IAD01.10.400.B6', '15-03-13', 'NULL');
INSERT INTO DeskAssignment VALUES(1913360, 'IAD01.10.400.B7', '15-10-07', 'NULL');
INSERT INTO DeskAssignment VALUES(1913361, 'IAD01.10.400.B8', '15-10-20', 'NULL');
INSERT INTO DeskAssignment VALUES(1913362, 'IAD01.10.400.B9', '16-02-03', 'NULL');
INSERT INTO DeskAssignment VALUES(1913363, 'IAD01.10.400.B10', '16-07-14', 'NULL');
INSERT INTO DeskAssignment VALUES(1913364, 'IAD01.10.400.B0', '16-09-09', 'NULL');
INSERT INTO DeskAssignment VALUES(1913365, 'IAD02.15.101.A1', '16-12-05', 'NULL');
INSERT INTO DeskAssignment VALUES(1913366, 'IAD02.15.101.A2', '17-01-20', 'NULL');
INSERT INTO DeskAssignment VALUES(1913367, 'IAD02.15.101.A3', '17-03-17', 'NULL');
INSERT INTO DeskAssignment VALUES(1913368, 'IAD02.15.101.A4', '10-10-13', 'NULL');
INSERT INTO DeskAssignment VALUES(1913369, 'IAD02.15.101.A5', '11-01-21', 'NULL');
INSERT INTO DeskAssignment VALUES(1913370, 'IAD02.15.101.A6', '11-03-04', '17-08-29');
INSERT INTO DeskAssignment VALUES(1913371, 'IAD02.15.101.A7', '11-03-17', 'NULL');
INSERT INTO DeskAssignment VALUES(1913372, 'IAD02.15.101.A8', '11-04-04', 'NULL');
INSERT INTO DeskAssignment VALUES(1913373, 'IAD02.15.101.B1', '11-05-12', 'NULL');
INSERT INTO DeskAssignment VALUES(1913374, 'IAD02.15.101.B2', '11-10-24', 'NULL');
INSERT INTO DeskAssignment VALUES(1913375, 'IAD02.15.101.B3', '11-12-01', 'NULL');
INSERT INTO DeskAssignment VALUES(1913376, 'IAD02.15.101.B4', '12-06-15', 'NULL');
INSERT INTO DeskAssignment VALUES(1913377, 'IAD02.15.101.B5', '12-11-28', '17-08-18');
INSERT INTO DeskAssignment VALUES(1913378, 'IAD02.15.101.B6', '14-02-25', 'NULL');
INSERT INTO DeskAssignment VALUES(1913379, 'IAD02.15.101.B7', '14-04-30', 'NULL');
INSERT INTO DeskAssignment VALUES(1913380, 'IAD02.15.101.B8', '14-10-24', 'NULL');
INSERT INTO DeskAssignment VALUES(1913381, 'IAD02.15.101.C1', '15-02-19', 'NULL');
INSERT INTO DeskAssignment VALUES(1913382, 'IAD02.15.101.C2', '15-05-07', 'NULL');
INSERT INTO DeskAssignment VALUES(1913383, 'IAD02.15.101.C3', '15-10-13', 'NULL');
INSERT INTO DeskAssignment VALUES(1913384, 'IAD02.15.101.C4', '16-01-12', 'NULL');
INSERT INTO DeskAssignment VALUES(1913385, 'IAD02.15.101.C5', '16-01-27', '17-07-14');
INSERT INTO DeskAssignment VALUES(1913386, 'IAD02.15.101.C6', '16-03-02', 'NULL');
INSERT INTO DeskAssignment VALUES(1913387, 'IAD02.15.101.C7', '16-04-18', 'NULL');
INSERT INTO DeskAssignment VALUES(1913388, 'IAD02.15.101.C8', '16-08-12', '17-08-29');
INSERT INTO DeskAssignment VALUES(1913389, 'IAD02.15.101.C0', '17-03-09', 'NULL');
INSERT INTO DeskAssignment VALUES(1913390, 'IAD02.15.201.A1', '17-04-12', 'NULL');
INSERT INTO DeskAssignment VALUES(1913391, 'IAD02.15.201.A2', '17-04-21', 'NULL');
INSERT INTO DeskAssignment VALUES(1913392, 'IAD02.15.201.A3', '17-04-24', 'NULL');
INSERT INTO DeskAssignment VALUES(1913393, 'IAD02.15.201.A4', '17-04-28', 'NULL');
INSERT INTO DeskAssignment VALUES(1913394, 'IAD02.15.201.A5', '15-03-16', 'NULL');
INSERT INTO DeskAssignment VALUES(1913395, 'IAD02.15.201.A6', '13-09-02', 'NULL');
INSERT INTO DeskAssignment VALUES(1913396, 'IAD02.15.201.A7', '17-03-27', 'NULL');
INSERT INTO DeskAssignment VALUES(1913397, 'IAD02.15.201.A8', '16-12-12', 'NULL');
INSERT INTO DeskAssignment VALUES(1913398, 'IAD02.15.201.B1', '12-03-07', '17-08-18');
INSERT INTO DeskAssignment VALUES(1913399, 'IAD02.15.201.B2', '16-09-15', 'NULL');
INSERT INTO DeskAssignment VALUES(1913400, 'IAD02.15.201.B3', '14-09-25', 'NULL');
INSERT INTO DeskAssignment VALUES(1913401, 'IAD02.15.201.B4', '16-04-06', 'NULL');
INSERT INTO DeskAssignment VALUES(1913402, 'IAD02.15.201.B5', '11-08-08', 'NULL');
INSERT INTO DeskAssignment VALUES(1913403, 'IAD02.15.201.B6', '16-10-27', '17-08-29');
INSERT INTO DeskAssignment VALUES(1913404, 'IAD02.15.201.B7', '14-10-17', 'NULL');
INSERT INTO DeskAssignment VALUES(1913405, 'IAD02.15.201.B8', '16-01-01', 'NULL');
INSERT INTO DeskAssignment VALUES(1913406, 'SEA01.24.505.A1', '16-07-14', 'NULL');
INSERT INTO DeskAssignment VALUES(1913407, 'SEA01.24.505.A2', '14-01-02', 'NULL');
INSERT INTO DeskAssignment VALUES(1913408, 'SEA01.24.505.A3', '11-09-23', 'NULL');
INSERT INTO DeskAssignment VALUES(1913409, 'SEA01.24.505.A4', '16-11-14', 'NULL');
INSERT INTO DeskAssignment VALUES(1913410, 'SEA01.24.505.A5', '11-11-16', 'NULL');
INSERT INTO DeskAssignment VALUES(1913411, 'SEA01.24.505.A6', '11-07-22', '17-07-14');
INSERT INTO DeskAssignment VALUES(1913412, 'SEA01.24.505.A7', '13-09-18', 'NULL');
INSERT INTO DeskAssignment VALUES(1913413, 'SEA01.24.505.A8', '16-09-12', 'NULL');
INSERT INTO DeskAssignment VALUES(1913414, 'SEA01.24.505.B1', '12-12-06', '17-08-18');
INSERT INTO DeskAssignment VALUES(1913415, 'SEA01.24.505.B2', '11-11-24', '17-08-18');
INSERT INTO DeskAssignment VALUES(1913416, 'SEA01.24.505.B3', '11-06-06', 'NULL');
INSERT INTO DeskAssignment VALUES(1913417, 'SEA01.24.505.B4', '11-02-08', 'NULL');
INSERT INTO DeskAssignment VALUES(1913418, 'SEA01.24.505.B5', '17-02-28', 'NULL');
INSERT INTO DeskAssignment VALUES(1913419, 'SEA01.24.505.B6', '14-01-14', 'NULL');
INSERT INTO DeskAssignment VALUES(1913420, 'SEA01.24.505.B7', '14-08-01', 'NULL');
INSERT INTO DeskAssignment VALUES(1913421, 'SEA01.24.505.B8', '11-12-19', 'NULL');
INSERT INTO DeskAssignment VALUES(1913422, 'SEA01.24.505.C1', '12-04-17', 'NULL');
INSERT INTO DeskAssignment VALUES(1913423, 'SEA01.24.505.C2', '15-12-01', 'NULL');
INSERT INTO DeskAssignment VALUES(1913424, 'SEA01.24.505.C3', '15-11-10', 'NULL');
INSERT INTO DeskAssignment VALUES(1913425, 'SEA01.24.505.C4', '11-01-31', 'NULL');
INSERT INTO DeskAssignment VALUES(1913426, 'SEA01.24.505.C5', '11-05-20', 'NULL');
INSERT INTO DeskAssignment VALUES(1913427, 'SEA01.24.505.C6', '12-04-12', 'NULL');
INSERT INTO DeskAssignment VALUES(1913428, 'SEA01.24.505.C7', '12-11-19', 'NULL');
INSERT INTO DeskAssignment VALUES(1913429, 'SEA01.24.505.C8', '12-11-08', '17-07-14');
INSERT INTO DeskAssignment VALUES(1913430, 'SEA01.24.505.C9', '16-07-05', '17-07-14');
INSERT INTO DeskAssignment VALUES(1913431, 'SEA01.24.505.C8', '16-07-07', '17-07-14');
INSERT INTO DeskAssignment VALUES(1913432, 'SEA01.24.505.C9', '16-05-09', '17-07-14');
INSERT INTO DeskAssignment VALUES(1913433, 'SEA01.25.605.A1', '16-09-05', 'NULL');
INSERT INTO DeskAssignment VALUES(1913434, 'SEA01.25.605.A2', '12-10-04', 'NULL');
INSERT INTO DeskAssignment VALUES(1913435, 'SEA01.25.605.A3', '16-09-08', 'NULL');
INSERT INTO DeskAssignment VALUES(1913436, 'SEA01.25.605.A4', '12-02-13', 'NULL');
INSERT INTO DeskAssignment VALUES(1913437, 'SEA01.25.605.A5', '12-03-06', 'NULL');
INSERT INTO DeskAssignment VALUES(1913438, 'SEA01.25.605.A6', '12-05-09', 'NULL');
INSERT INTO DeskAssignment VALUES(1913439, 'SEA01.25.605.A7', '11-11-02', 'NULL');
INSERT INTO DeskAssignment VALUES(1913440, 'SEA01.25.605.A8', '15-07-16', 'NULL');
INSERT INTO DeskAssignment VALUES(1913441, 'SEA01.25.605.A9', '17-02-09', '17-08-18');
INSERT INTO DeskAssignment VALUES(1913442, 'SEA01.25.605.B1', '12-08-23', 'NULL');
INSERT INTO DeskAssignment VALUES(1913443, 'SEA01.25.605.B2', '15-06-15', 'NULL');
INSERT INTO DeskAssignment VALUES(1913444, 'SEA01.25.605.B3', '14-06-03', 'NULL');
INSERT INTO DeskAssignment VALUES(1913445, 'SEA01.25.605.B4', '15-07-13', 'NULL');
INSERT INTO DeskAssignment VALUES(1913446, 'SEA01.25.605.B5', '13-04-08', 'NULL');
INSERT INTO DeskAssignment VALUES(1913447, 'SEA01.25.605.B6', '16-04-07', '17-07-14');
INSERT INTO DeskAssignment VALUES(1913448, 'SEA01.25.605.B7', '13-10-08', 'NULL');
INSERT INTO DeskAssignment VALUES(1913449, 'SEA01.25.605.B8', '13-10-11', 'NULL');
INSERT INTO DeskAssignment VALUES(1913450, 'SEA02.36.850.A1', '15-09-24', 'NULL');
INSERT INTO DeskAssignment VALUES(1913451, 'SEA02.36.850.A2', '16-07-08', 'NULL');
INSERT INTO DeskAssignment VALUES(1913452, 'SEA02.36.850.A3', '13-09-18', 'NULL');
INSERT INTO DeskAssignment VALUES(1913453, 'SEA02.36.850.A4', '14-10-15', 'NULL');
INSERT INTO DeskAssignment VALUES(1913454, 'SEA02.36.850.A5', '11-02-17', 'NULL');
INSERT INTO DeskAssignment VALUES(1913455, 'SEA02.36.850.A6', '14-02-19', 'NULL');
INSERT INTO DeskAssignment VALUES(1913456, 'SEA02.36.850.A7', '12-09-18', 'NULL');
INSERT INTO DeskAssignment VALUES(1913457, 'SEA02.36.850.A8', '14-09-05', 'NULL');
INSERT INTO DeskAssignment VALUES(1913458, 'SEA02.36.850.B1', '16-08-08', '17-07-14');
INSERT INTO DeskAssignment VALUES(1913459, 'SEA02.36.850.B2', '11-10-07', 'NULL');
INSERT INTO DeskAssignment VALUES(1913460, 'SEA02.36.850.B3', '11-08-02', 'NULL');
INSERT INTO DeskAssignment VALUES(1913461, 'SEA02.36.850.B4', '17-01-06', 'NULL');
INSERT INTO DeskAssignment VALUES(1913462, 'SEA02.36.850.B5', '15-01-21', 'NULL');
INSERT INTO DeskAssignment VALUES(1913463, 'SEA02.36.850.B6', '14-11-03', 'NULL');
INSERT INTO DeskAssignment VALUES(1913464, 'SEA02.36.850.B7', '12-12-04', 'NULL');
INSERT INTO DeskAssignment VALUES(1913465, 'SEA02.36.850.B8', '15-05-04', 'NULL');
INSERT INTO DeskAssignment VALUES(1913466, 'SEA02.36.850.C1', '12-08-14', 'NULL');
INSERT INTO DeskAssignment VALUES(1913467, 'SEA02.36.850.C2', '12-04-17', 'NULL');
INSERT INTO DeskAssignment VALUES(1913468, 'SEA02.36.850.C3', '13-02-14', 'NULL');
INSERT INTO DeskAssignment VALUES(1913469, 'SEA02.36.850.C4', '11-08-11', 'NULL');
INSERT INTO DeskAssignment VALUES(1913470, 'SEA02.36.850.C5', '14-07-24', 'NULL');
INSERT INTO DeskAssignment VALUES(1913471, 'SEA02.36.850.C6', '11-11-21', 'NULL');
INSERT INTO DeskAssignment VALUES(1913472, 'SEA02.36.850.C7', '15-10-08', '17-07-14');
INSERT INTO DeskAssignment VALUES(1913473, 'SEA02.36.850.C8', '14-03-21', 'NULL');
INSERT INTO DeskAssignment VALUES(1913474, 'SEA02.36.850.D1', '14-11-04', 'NULL');
INSERT INTO DeskAssignment VALUES(1913475, 'SEA02.36.850.D2', '11-05-03', 'NULL');
INSERT INTO DeskAssignment VALUES(1913476, 'SEA02.36.850.D3', '11-06-02', 'NULL');
INSERT INTO DeskAssignment VALUES(1913477, 'SEA02.36.850.D4', '14-05-06', 'NULL');
INSERT INTO DeskAssignment VALUES(1913478, 'SEA02.36.850.D5', '11-08-09', 'NULL');
INSERT INTO DeskAssignment VALUES(1913479, 'SEA02.36.850.D6', '11-02-14', 'NULL');
INSERT INTO DeskAssignment VALUES(1913480, 'SEA02.36.850.D7', '14-12-08', 'NULL');
INSERT INTO DeskAssignment VALUES(1913481, 'SEA02.36.850.D8', '11-04-13', 'NULL');
INSERT INTO DeskAssignment VALUES(1913482, 'SEA02.36.850.E1', '15-01-15', 'NULL');
INSERT INTO DeskAssignment VALUES(1913483, 'SEA02.36.850.E2', '16-03-29', 'NULL');
INSERT INTO DeskAssignment VALUES(1913484, 'SEA02.36.850.E3', '12-10-17', 'NULL');
INSERT INTO DeskAssignment VALUES(1913485, 'SEA02.36.850.E4', '12-09-04', 'NULL');
INSERT INTO DeskAssignment VALUES(1913486, 'SEA02.36.850.E5', '11-12-22', 'NULL');
INSERT INTO DeskAssignment VALUES(1913487, 'SEA02.36.850.E6', '15-11-25', 'NULL');
INSERT INTO DeskAssignment VALUES(1913488, 'SEA02.36.850.E7', '15-12-30', '17-07-14');
INSERT INTO DeskAssignment VALUES(1913489, 'SEA02.36.850.E8', '12-01-27', 'NULL');
INSERT INTO DeskAssignment VALUES(1913490, 'SEA02.36.850.F1', '13-11-19', 'NULL');
INSERT INTO DeskAssignment VALUES(1913491, 'SEA02.36.850.F2', '12-03-07', '17-08-18');
INSERT INTO DeskAssignment VALUES(1913492, 'SEA02.36.850.F3', '14-09-29', '17-08-18');
INSERT INTO DeskAssignment VALUES(1913493, 'SEA02.36.850.F4', '12-12-07', 'NULL');
INSERT INTO DeskAssignment VALUES(1913494, 'SEA02.36.850.F5', '12-08-02', 'NULL');
INSERT INTO DeskAssignment VALUES(1913495, 'SEA02.37.850.F6', '14-11-04', 'NULL');
INSERT INTO DeskAssignment VALUES(1913496, 'SEA02.37.850.F7', '16-03-30', 'NULL');
INSERT INTO DeskAssignment VALUES(1913497, 'SEA02.37.850.F8', '11-07-04', 'NULL');
INSERT INTO DeskAssignment VALUES(1913498, 'SEA02.37.850.G1', '14-11-03', 'NULL');
INSERT INTO DeskAssignment VALUES(1913499, 'SEA02.37.850.G2', '12-04-19', 'NULL');
INSERT INTO DeskAssignment VALUES(1913500, 'SEA02.37.850.G3', '17-02-02', '17-08-18');
INSERT INTO DeskAssignment VALUES(1913501, 'SEA02.37.850.G4', '13-12-04', 'NULL');
INSERT INTO DeskAssignment VALUES(1913502, 'SEA02.37.850.G5', '11-07-01', 'NULL');
INSERT INTO DeskAssignment VALUES(1913503, 'SEA02.37.850.G6', '13-03-12', 'NULL');
INSERT INTO DeskAssignment VALUES(1913504, 'SEA02.37.850.G7', '11-07-13', 'NULL');
INSERT INTO DeskAssignment VALUES(1913505, 'SEA02.37.850.G8', '15-08-13', 'NULL');
INSERT INTO DeskAssignment VALUES(1913506, 'SEA02.37.850.H1', '12-09-10', 'NULL');
INSERT INTO DeskAssignment VALUES(1913507, 'SEA02.37.850.H2', '16-05-11', 'NULL');
INSERT INTO DeskAssignment VALUES(1913508, 'SEA02.37.850.H3', '13-07-08', 'NULL');
INSERT INTO DeskAssignment VALUES(1913509, 'SEA02.37.850.H4', '11-06-16', 'NULL');
INSERT INTO DeskAssignment VALUES(1913510, 'SEA02.37.850.H5', '12-09-05', 'NULL');
INSERT INTO DeskAssignment VALUES(1913511, 'SEA02.37.850.H6', '16-04-13', 'NULL');
INSERT INTO DeskAssignment VALUES(1913512, 'SEA02.37.850.H7', '12-07-27', '17-08-18');
INSERT INTO DeskAssignment VALUES(1913513, 'SEA02.37.850.H8', '12-04-27', 'NULL');
INSERT INTO DeskAssignment VALUES(1913514, 'SEA02.37.850.H0', '15-01-22', 'NULL');
